{
  "aggregate": [
    {
      "metrics": {
        "blocked-rate": {
          "count": 4.0,
          "delta": 0.0,
          "first": 0.0,
          "last": 0.0,
          "max": 0.0,
          "mean": 0.0,
          "min": 0.0
        },
        "collision-count": {
          "count": 4.0,
          "delta": 0.0,
          "first": 0.0,
          "last": 0.0,
          "max": 0.0,
          "mean": 0.0,
          "min": 0.0
        },
        "collision-rate": {
          "count": 4.0,
          "delta": 0.0,
          "first": 0.0,
          "last": 0.0,
          "max": 0.0,
          "mean": 0.0,
          "min": 0.0
        },
        "episode-count": {
          "count": 4.0,
          "delta": 0.0,
          "first": 1.0,
          "last": 1.0,
          "max": 1.0,
          "mean": 1.0,
          "min": 1.0
        },
        "mean-episode-length": {
          "count": 4.0,
          "delta": 0.0,
          "first": 1.0,
          "last": 1.0,
          "max": 1.0,
          "mean": 1.0,
          "min": 1.0
        },
        "mean-reward": {
          "count": 4.0,
          "delta": 0.001279227133856864,
          "first": 2.4832269232125137,
          "last": 2.4845061503463706,
          "max": 2.4845061503463706,
          "mean": 2.483866536779442,
          "min": 2.4832269232125137
        },
        "mean-transition-reward": {
          "count": 4.0,
          "delta": 0.001279227133856864,
          "first": 2.4832269232125137,
          "last": 2.4845061503463706,
          "max": 2.4845061503463706,
          "mean": 2.483866536779442,
          "min": 2.4832269232125137
        },
        "scene-count": {
          "count": 4.0,
          "delta": 0.0,
          "first": 1.0,
          "last": 1.0,
          "max": 1.0,
          "mean": 1.0,
          "min": 1.0
        },
        "success-rate": {
          "count": 4.0,
          "delta": 0.0,
          "first": 1.0,
          "last": 1.0,
          "max": 1.0,
          "mean": 1.0,
          "min": 1.0
        },
        "termination-rate": {
          "count": 4.0,
          "delta": 0.0,
          "first": 1.0,
          "last": 1.0,
          "max": 1.0,
          "mean": 1.0,
          "min": 1.0
        },
        "transition-count": {
          "count": 4.0,
          "delta": 0.0,
          "first": 1.0,
          "last": 1.0,
          "max": 1.0,
          "mean": 1.0,
          "min": 1.0
        },
        "truncation-rate": {
          "count": 4.0,
          "delta": 0.0,
          "first": 0.0,
          "last": 0.0,
          "max": 0.0,
          "mean": 0.0,
          "min": 0.0
        }
      },
      "passRate": 1.0,
      "passedCount": 4,
      "policyName": "direct",
      "reportCount": 4
    }
  ],
  "baselineReport": null,
  "failedChecks": [],
  "historyId": "smoke-route-policy-ci-merge-history",
  "metadata": {
    "baselineReport": null,
    "mergeId": "smoke-route-policy-ci-merge",
    "shardCount": 4
  },
  "passed": true,
  "recordType": "route-policy-benchmark-history",
  "regressionChecks": [],
  "reportCount": 4,
  "reports": [
    {
      "benchmarkId": "smoke-route-policy-ci-matrix-direct-shard-001-unit-near-short",
      "bestPolicyName": "direct",
      "metadata": {
        "configId": "short",
        "configMetadata": {},
        "goalSuiteKey": "near",
        "goalSuiteMetadata": {},
        "goalSuitePath": "sample-artifacts/shards/../near-goals.json",
        "includeDirectBaseline": false,
        "matrixId": "smoke-route-policy-ci-matrix",
        "registryId": "direct",
        "scenarioId": "unit-near-short",
        "scenarioSetId": "smoke-route-policy-ci-matrix-direct-shard-001",
        "sceneCatalog": "sample-artifacts/shards/../scenes.json",
        "sceneId": "unit-scene",
        "sceneKey": "unit",
        "sceneMetadata": {}
      },
      "passed": true,
      "policies": [
        {
          "failedChecks": [],
          "metrics": {
            "blocked-rate": 0.0,
            "collision-count": 0.0,
            "collision-rate": 0.0,
            "episode-count": 1.0,
            "mean-episode-length": 1.0,
            "mean-reward": 2.4832269232125137,
            "mean-transition-reward": 2.4832269232125137,
            "scene-count": 1.0,
            "success-rate": 1.0,
            "termination-rate": 1.0,
            "transition-count": 1.0,
            "truncation-rate": 0.0
          },
          "passed": true,
          "policyName": "direct",
          "recordType": "route-policy-benchmark-policy-snapshot"
        }
      ],
      "policyCount": 1,
      "recordType": "route-policy-benchmark-snapshot",
      "sourcePath": "sample-artifacts/reports/smoke-route-policy-ci-matrix-direct-shard-001/unit-near-short.json",
      "version": "gs-mapper-route-policy-benchmark/v1"
    },
    {
      "benchmarkId": "smoke-route-policy-ci-matrix-direct-shard-002-unit-far-short",
      "bestPolicyName": "direct",
      "metadata": {
        "configId": "short",
        "configMetadata": {},
        "goalSuiteKey": "far",
        "goalSuiteMetadata": {},
        "goalSuitePath": "sample-artifacts/shards/../far-goals.json",
        "includeDirectBaseline": false,
        "matrixId": "smoke-route-policy-ci-matrix",
        "registryId": "direct",
        "scenarioId": "unit-far-short",
        "scenarioSetId": "smoke-route-policy-ci-matrix-direct-shard-002",
        "sceneCatalog": "sample-artifacts/shards/../scenes.json",
        "sceneId": "unit-scene",
        "sceneKey": "unit",
        "sceneMetadata": {}
      },
      "passed": true,
      "policies": [
        {
          "failedChecks": [],
          "metrics": {
            "blocked-rate": 0.0,
            "collision-count": 0.0,
            "collision-rate": 0.0,
            "episode-count": 1.0,
            "mean-episode-length": 1.0,
            "mean-reward": 2.4845061503463706,
            "mean-transition-reward": 2.4845061503463706,
            "scene-count": 1.0,
            "success-rate": 1.0,
            "termination-rate": 1.0,
            "transition-count": 1.0,
            "truncation-rate": 0.0
          },
          "passed": true,
          "policyName": "direct",
          "recordType": "route-policy-benchmark-policy-snapshot"
        }
      ],
      "policyCount": 1,
      "recordType": "route-policy-benchmark-snapshot",
      "sourcePath": "sample-artifacts/reports/smoke-route-policy-ci-matrix-direct-shard-002/unit-far-short.json",
      "version": "gs-mapper-route-policy-benchmark/v1"
    },
    {
      "benchmarkId": "smoke-route-policy-ci-matrix-direct-shard-003-crossing-near-short",
      "bestPolicyName": "direct",
      "metadata": {
        "agents": [
          {
            "agentId": "ego",
            "recordType": "route-policy-agent-role",
            "role": "ego",
            "seedOffset": 0,
            "startPose": {
              "frameId": "generic_world",
              "orientationXyzw": [
                0.0,
                0.0,
                0.0,
                1.0
              ],
              "position": [
                0.0,
                0.0,
                0.0
              ]
            },
            "version": "gs-mapper-route-policy-agent-role-spec/v1"
          },
          {
            "agentId": "peer-chase",
            "builtinPolicy": "chase",
            "recordType": "route-policy-agent-role",
            "role": "peer-obstacle",
            "seedOffset": 0,
            "startPose": {
              "frameId": "generic_world",
              "orientationXyzw": [
                0.0,
                0.0,
                0.0,
                1.0
              ],
              "position": [
                2.0,
                2.0,
                0.0
              ]
            },
            "version": "gs-mapper-route-policy-agent-role-spec/v1"
          }
        ],
        "configId": "short",
        "configMetadata": {},
        "goalSuiteKey": "near",